PrestigeId,TxnSeqNo,CardSeqNo,CardSeqRolloverNo,FileName
5389,4616,65511,1,OYT_TFL_20190311T1654_000004_90210435.csv
5389,4617,65516,1,OYT_TFL_20190311T1654_000004_90210435.csv
5389,26881,65517,1,OYT_TFL_20190311T1654_000008_D8918BEB.csv
5389,7592414,65520,1,OYT_TFL_20190311T1701_001583_6EF1FCE2.csv
5389,8031943,65521,1,OYT_TFL_20190311T1702_001655_3619A723.csv
5389,8031944,65522,1,OYT_TFL_20190311T1702_001655_3619A723.csv
5389,8114805,65524,1,OYT_TFL_20190311T1702_001669_D65FCE89.csv
5389,8114806,65523,1,OYT_TFL_20190311T1702_001669_D65FCE89.csv
5389,8114807,65525,1,OYT_TFL_20190311T1702_001669_D65FCE89.csv
5389,8114808,65526,1,OYT_TFL_20190311T1702_001669_D65FCE89.csv
5389,8114809,65527,1,OYT_TFL_20190311T1702_001669_D65FCE89.csv
5389,8114810,65528,1,OYT_TFL_20190311T1702_001669_D65FCE89.csv
5389,8114811,65529,1,OYT_TFL_20190311T1702_001669_D65FCE89.csv
5389,8114812,65530,1,OYT_TFL_20190311T1702_001669_D65FCE89.csv
5389,8114813,65532,1,OYT_TFL_20190311T1702_001669_D65FCE89.csv
5389,8263209,65531,1,OYT_TFL_20190311T1702_001692_6DB8F723.csv
5389,8263210,65533,1,OYT_TFL_20190311T1702_001692_6DB8F723.csv
5389,8263211,65534,1,OYT_TFL_20190311T1702_001692_6DB8F723.csv
5389,8323666,65535,1,OYT_TFL_20190311T1702_001701_DC14BD1D.csv
5389,8323667,0,2,OYT_TFL_20190311T1702_001701_DC14BD1D.csv
5389,8323668,1,2,OYT_TFL_20190311T1702_001701_DC14BD1D.csv
5389,8437190,5,2,OYT_TFL_20190311T1702_001718_9FBA3D94.csv
5389,8437191,4,2,OYT_TFL_20190311T1702_001718_9FBA3D94.csv
5389,8437192,2,2,OYT_TFL_20190311T1702_001718_9FBA3D94.csv
5389,8437193,3,2,OYT_TFL_20190311T1702_001718_9FBA3D94.csv
5389,8437194,6,2,OYT_TFL_20190311T1702_001718_9FBA3D94.csv
5389,8437195,7,2,OYT_TFL_20190311T1702_001718_9FBA3D94.csv
5389,8596891,8,2,OYT_TFL_20190311T1702_001742_1C6920AE.csv
5389,8596892,9,2,OYT_TFL_20190311T1702_001742_1C6920AE.csv
5389,8632129,11,2,OYT_TFL_20190311T1702_001750_67A630A1.csv
5389,8632130,12,2,OYT_TFL_20190311T1702_001750_67A630A1.csv
5389,8632131,10,2,OYT_TFL_20190311T1702_001750_67A630A1.csv
5389,8632132,13,2,OYT_TFL_20190311T1702_001750_67A630A1.csv
5389,8632133,14,2,OYT_TFL_20190311T1702_001750_67A630A1.csv
5389,8632134,15,2,OYT_TFL_20190311T1702_001750_67A630A1.csv
5389,8812085,19,2,OYT_TFL_20190311T1702_001780_E859D219.csv
5389,8812086,18,2,OYT_TFL_20190311T1702_001780_E859D219.csv
5389,8968609,21,2,OYT_TFL_20190311T1702_001806_07E800B4.csv
5389,8968610,20,2,OYT_TFL_20190311T1702_001806_07E800B4.csv
5389,8968611,22,2,OYT_TFL_20190311T1702_001806_07E800B4.csv
5389,8968612,23,2,OYT_TFL_20190311T1702_001806_07E800B4.csv
5389,8968613,24,2,OYT_TFL_20190311T1702_001806_07E800B4.csv
5389,8968614,25,2,OYT_TFL_20190311T1702_001806_07E800B4.csv
5389,8968615,26,2,OYT_TFL_20190311T1702_001806_07E800B4.csv
5389,8948488,16,2,OYT_TFL_20190311T1702_001800_246B96F3.csv
5389,8948489,17,2,OYT_TFL_20190311T1702_001800_246B96F3.csv
5389,9178002,27,2,OYT_TFL_20190311T1703_001838_FBA24E38.csv
5389,9178003,28,2,OYT_TFL_20190311T1703_001838_FBA24E38.csv
5389,9340563,29,2,OYT_TFL_20190311T1703_001863_D090D87D.csv
5389,9340564,31,2,OYT_TFL_20190311T1703_001863_D090D87D.csv
5389,9340565,30,2,OYT_TFL_20190311T1703_001863_D090D87D.csv
5389,9340566,33,2,OYT_TFL_20190311T1703_001863_D090D87D.csv
5389,9340567,32,2,OYT_TFL_20190311T1703_001863_D090D87D.csv
5389,9340568,34,2,OYT_TFL_20190311T1703_001863_D090D87D.csv
5389,9340569,35,2,OYT_TFL_20190311T1703_001863_D090D87D.csv
5389,9513614,38,2,OYT_TFL_20190311T1703_001892_B218FC5D.csv
5389,9513615,36,2,OYT_TFL_20190311T1703_001892_B218FC5D.csv
5389,9513616,37,2,OYT_TFL_20190311T1703_001892_B218FC5D.csv
5389,9513617,39,2,OYT_TFL_20190311T1703_001892_B218FC5D.csv
5389,9513618,40,2,OYT_TFL_20190311T1703_001892_B218FC5D.csv
5389,9513619,41,2,OYT_TFL_20190311T1703_001892_B218FC5D.csv
5389,9513620,42,2,OYT_TFL_20190311T1703_001892_B218FC5D.csv
5389,9666263,44,2,OYT_TFL_20190311T1703_001922_A1871C6D.csv
5389,9666264,43,2,OYT_TFL_20190311T1703_001922_A1871C6D.csv
5389,9784991,45,2,OYT_TFL_20190311T1703_001940_E0D5FEE1.csv
5389,9784992,46,2,OYT_TFL_20190311T1703_001940_E0D5FEE1.csv
5389,9784993,49,2,OYT_TFL_20190311T1703_001940_E0D5FEE1.csv
5389,9870425,47,2,OYT_TFL_20190311T1703_001954_152509C0.csv
5389,9870426,48,2,OYT_TFL_20190311T1703_001954_152509C0.csv
5389,9870427,50,2,OYT_TFL_20190311T1703_001954_152509C0.csv
5389,9951254,51,2,OYT_TFL_20190311T1703_001968_F4345A46.csv
5389,9951255,52,2,OYT_TFL_20190311T1703_001968_F4345A46.csv
5389,9951256,53,2,OYT_TFL_20190311T1703_001968_F4345A46.csv
5389,10025872,56,2,OYT_TFL_20190311T1703_001979_1BA0117F.csv
5389,10048673,54,2,OYT_TFL_20190311T1703_001983_067AFF9F.csv
5389,10048674,55,2,OYT_TFL_20190311T1703_001983_067AFF9F.csv
5389,10142630,58,2,OYT_TFL_20190311T1703_002001_ACEDF769.csv
5389,10142631,57,2,OYT_TFL_20190311T1703_002001_ACEDF769.csv
5389,10142632,59,2,OYT_TFL_20190311T1703_002001_ACEDF769.csv
5389,10223550,60,2,OYT_TFL_20190311T1703_002013_3E9B61C9.csv
5389,10223551,61,2,OYT_TFL_20190311T1703_002013_3E9B61C9.csv
5389,10223552,62,2,OYT_TFL_20190311T1703_002013_3E9B61C9.csv
5389,10223553,63,2,OYT_TFL_20190311T1703_002013_3E9B61C9.csv
5389,10309307,64,2,OYT_TFL_20190311T1703_002030_6347CAD5.csv
5389,11381761,83,2,OYT_TFL_20190311T1704_000003_5EA2EC9D.csv
5389,11416869,86,2,OYT_TFL_20190311T1704_000009_18F71DCA.csv
5389,11416870,85,2,OYT_TFL_20190311T1704_000009_18F71DCA.csv
5389,11416871,87,2,OYT_TFL_20190311T1704_000009_18F71DCA.csv
5389,11440101,88,2,OYT_TFL_20190311T1704_000015_8A962A2E.csv
5389,10593220,65,2,OYT_TFL_20190311T1704_002078_82862092.csv
5389,10762773,66,2,OYT_TFL_20190311T1704_002110_18E8DFBB.csv
5389,11051628,67,2,OYT_TFL_20190311T1704_002175_F45F7E42.csv
5389,11051629,69,2,OYT_TFL_20190311T1704_002175_F45F7E42.csv
5389,11051630,70,2,OYT_TFL_20190311T1704_002175_F45F7E42.csv
5389,11051631,68,2,OYT_TFL_20190311T1704_002175_F45F7E42.csv
5389,11120940,71,2,OYT_TFL_20190311T1704_002187_12F8371B.csv
5389,11177780,73,2,OYT_TFL_20190311T1704_002201_2F7EB268.csv
5389,11177781,72,2,OYT_TFL_20190311T1704_002201_2F7EB268.csv
5389,11177782,74,2,OYT_TFL_20190311T1704_002201_2F7EB268.csv
5389,11177783,75,2,OYT_TFL_20190311T1704_002201_2F7EB268.csv
5389,11263010,78,2,OYT_TFL_20190311T1704_002222_EC3F7067.csv
5389,11263011,79,2,OYT_TFL_20190311T1704_002222_EC3F7067.csv
5389,11299436,76,2,OYT_TFL_20190311T1704_002231_0076FB8E.csv
5389,11299437,77,2,OYT_TFL_20190311T1704_002231_0076FB8E.csv
5389,11340253,80,2,OYT_TFL_20190311T1704_002241_7B99D94C.csv
5389,11340254,81,2,OYT_TFL_20190311T1704_002241_7B99D94C.csv
5389,11365220,82,2,OYT_TFL_20190311T1704_002249_4639B9F5.csv
5389,11446484,89,2,OYT_TFL_20190311T1705_000018_D53E6BE2.csv
5389,11510070,93,2,OYT_TFL_20190311T1705_000049_39756D26.csv
5389,11510071,91,2,OYT_TFL_20190311T1705_000049_39756D26.csv
5389,11510072,90,2,OYT_TFL_20190311T1705_000049_39756D26.csv
5389,11510073,94,2,OYT_TFL_20190311T1705_000049_39756D26.csv
5389,11510074,92,2,OYT_TFL_20190311T1705_000049_39756D26.csv
5389,23583985,101,2,OYT_TFL_20190311T1715_000008_731B44E3.csv
5389,23561720,95,2,OYT_TFL_20190311T1715_000004_382349D4.csv
5389,23561721,100,2,OYT_TFL_20190311T1715_000004_382349D4.csv
5389,31149518,104,2,OYT_TFL_20190311T1722_001583_377B64F8.csv
5389,31589047,105,2,OYT_TFL_20190311T1722_001655_04758FA0.csv
5389,31589048,106,2,OYT_TFL_20190311T1722_001655_04758FA0.csv
5389,31671909,108,2,OYT_TFL_20190311T1722_001669_DBEB519B.csv
5389,31671910,107,2,OYT_TFL_20190311T1722_001669_DBEB519B.csv
5389,31671911,109,2,OYT_TFL_20190311T1722_001669_DBEB519B.csv
5389,31671912,110,2,OYT_TFL_20190311T1722_001669_DBEB519B.csv
5389,31671913,111,2,OYT_TFL_20190311T1722_001669_DBEB519B.csv
5389,31671914,112,2,OYT_TFL_20190311T1722_001669_DBEB519B.csv
5389,31671915,113,2,OYT_TFL_20190311T1722_001669_DBEB519B.csv
5389,31671916,114,2,OYT_TFL_20190311T1722_001669_DBEB519B.csv
5389,31671917,116,2,OYT_TFL_20190311T1722_001669_DBEB519B.csv
5389,31820313,115,2,OYT_TFL_20190311T1722_001692_0CD9EAC8.csv
5389,31820314,117,2,OYT_TFL_20190311T1722_001692_0CD9EAC8.csv
5389,31820315,118,2,OYT_TFL_20190311T1722_001692_0CD9EAC8.csv
5389,31880770,119,2,OYT_TFL_20190311T1723_001701_562AD78E.csv
5389,31880771,120,2,OYT_TFL_20190311T1723_001701_562AD78E.csv
5389,31880772,121,2,OYT_TFL_20190311T1723_001701_562AD78E.csv
5389,31994294,125,2,OYT_TFL_20190311T1723_001718_BC83E85F.csv
5389,31994295,124,2,OYT_TFL_20190311T1723_001718_BC83E85F.csv
5389,31994296,122,2,OYT_TFL_20190311T1723_001718_BC83E85F.csv
5389,31994297,123,2,OYT_TFL_20190311T1723_001718_BC83E85F.csv
5389,31994298,126,2,OYT_TFL_20190311T1723_001718_BC83E85F.csv
5389,31994299,127,2,OYT_TFL_20190311T1723_001718_BC83E85F.csv
5389,32153995,128,2,OYT_TFL_20190311T1723_001742_6C73711F.csv
5389,32153996,129,2,OYT_TFL_20190311T1723_001742_6C73711F.csv
5389,32189233,131,2,OYT_TFL_20190311T1723_001750_09C1F45D.csv
5389,32189234,132,2,OYT_TFL_20190311T1723_001750_09C1F45D.csv
5389,32189235,130,2,OYT_TFL_20190311T1723_001750_09C1F45D.csv
5389,32189236,133,2,OYT_TFL_20190311T1723_001750_09C1F45D.csv
5389,32189237,134,2,OYT_TFL_20190311T1723_001750_09C1F45D.csv
5389,32189238,135,2,OYT_TFL_20190311T1723_001750_09C1F45D.csv
5389,32369189,139,2,OYT_TFL_20190311T1723_001780_8B2484C2.csv
5389,32369190,138,2,OYT_TFL_20190311T1723_001780_8B2484C2.csv
5389,32525713,141,2,OYT_TFL_20190311T1723_001806_C24D104D.csv
5389,32525714,140,2,OYT_TFL_20190311T1723_001806_C24D104D.csv
5389,32525715,142,2,OYT_TFL_20190311T1723_001806_C24D104D.csv
5389,32525716,143,2,OYT_TFL_20190311T1723_001806_C24D104D.csv
5389,32525717,144,2,OYT_TFL_20190311T1723_001806_C24D104D.csv
5389,32525718,145,2,OYT_TFL_20190311T1723_001806_C24D104D.csv
5389,32525719,146,2,OYT_TFL_20190311T1723_001806_C24D104D.csv
5389,32505592,136,2,OYT_TFL_20190311T1723_001800_F5444ECC.csv
5389,32505593,137,2,OYT_TFL_20190311T1723_001800_F5444ECC.csv
5389,32735106,147,2,OYT_TFL_20190311T1723_001838_FBD990E3.csv
5389,32735107,148,2,OYT_TFL_20190311T1723_001838_FBD990E3.csv
5389,32897667,149,2,OYT_TFL_20190311T1723_001863_0631ED15.csv
5389,32897668,151,2,OYT_TFL_20190311T1723_001863_0631ED15.csv
5389,32897669,150,2,OYT_TFL_20190311T1723_001863_0631ED15.csv
5389,32897670,153,2,OYT_TFL_20190311T1723_001863_0631ED15.csv
5389,32897671,152,2,OYT_TFL_20190311T1723_001863_0631ED15.csv
5389,32897672,154,2,OYT_TFL_20190311T1723_001863_0631ED15.csv
5389,32897673,155,2,OYT_TFL_20190311T1723_001863_0631ED15.csv
5389,33070718,158,2,OYT_TFL_20190311T1724_001892_CA960995.csv
5389,33070719,156,2,OYT_TFL_20190311T1724_001892_CA960995.csv
5389,33070720,157,2,OYT_TFL_20190311T1724_001892_CA960995.csv
5389,33070721,159,2,OYT_TFL_20190311T1724_001892_CA960995.csv
5389,33070722,160,2,OYT_TFL_20190311T1724_001892_CA960995.csv
5389,33070723,161,2,OYT_TFL_20190311T1724_001892_CA960995.csv
5389,33070724,162,2,OYT_TFL_20190311T1724_001892_CA960995.csv
5389,33223367,164,2,OYT_TFL_20190311T1724_001922_94D01C4C.csv
5389,33223368,163,2,OYT_TFL_20190311T1724_001922_94D01C4C.csv
5389,33342095,165,2,OYT_TFL_20190311T1724_001940_4757213E.csv
5389,33342096,166,2,OYT_TFL_20190311T1724_001940_4757213E.csv
5389,33342097,169,2,OYT_TFL_20190311T1724_001940_4757213E.csv
5389,33427529,167,2,OYT_TFL_20190311T1724_001954_C8E60973.csv
5389,33427530,168,2,OYT_TFL_20190311T1724_001954_C8E60973.csv
5389,33427531,170,2,OYT_TFL_20190311T1724_001954_C8E60973.csv
5389,33508358,171,2,OYT_TFL_20190311T1724_001968_DB90AF38.csv
5389,33508359,172,2,OYT_TFL_20190311T1724_001968_DB90AF38.csv
5389,33508360,173,2,OYT_TFL_20190311T1724_001968_DB90AF38.csv
5389,33582976,176,2,OYT_TFL_20190311T1724_001979_B799A1AB.csv
5389,33605777,174,2,OYT_TFL_20190311T1724_001983_EE65A61E.csv
5389,33605778,175,2,OYT_TFL_20190311T1724_001983_EE65A61E.csv
5389,33699734,178,2,OYT_TFL_20190311T1724_002001_DFC4657D.csv
5389,33699735,177,2,OYT_TFL_20190311T1724_002001_DFC4657D.csv
5389,33699736,179,2,OYT_TFL_20190311T1724_002001_DFC4657D.csv
5389,33780654,180,2,OYT_TFL_20190311T1724_002013_973A62B5.csv
5389,33780655,181,2,OYT_TFL_20190311T1724_002013_973A62B5.csv
5389,33780656,182,2,OYT_TFL_20190311T1724_002013_973A62B5.csv
5389,33780657,183,2,OYT_TFL_20190311T1724_002013_973A62B5.csv
5389,33866411,184,2,OYT_TFL_20190311T1724_002030_E1F97E61.csv
5389,34150324,185,2,OYT_TFL_20190311T1724_002078_391D1B29.csv
5389,34938865,203,2,OYT_TFL_20190311T1725_000003_32DED9C0.csv
5389,34973973,206,2,OYT_TFL_20190311T1725_000009_796B7C4C.csv
5389,34973974,205,2,OYT_TFL_20190311T1725_000009_796B7C4C.csv
5389,34973975,207,2,OYT_TFL_20190311T1725_000009_796B7C4C.csv
5389,34997205,208,2,OYT_TFL_20190311T1725_000015_DB3AD6B5.csv
5389,35003588,209,2,OYT_TFL_20190311T1725_000018_A19CC846.csv
5389,35067174,213,2,OYT_TFL_20190311T1725_000049_C1FD3A08.csv
5389,35067175,211,2,OYT_TFL_20190311T1725_000049_C1FD3A08.csv
5389,35067176,210,2,OYT_TFL_20190311T1725_000049_C1FD3A08.csv
5389,35067177,214,2,OYT_TFL_20190311T1725_000049_C1FD3A08.csv
5389,35067178,212,2,OYT_TFL_20190311T1725_000049_C1FD3A08.csv
5389,34319877,186,2,OYT_TFL_20190311T1725_002110_D81B1C04.csv
5389,34608732,187,2,OYT_TFL_20190311T1725_002175_1E076510.csv
5389,34608733,189,2,OYT_TFL_20190311T1725_002175_1E076510.csv
5389,34608734,190,2,OYT_TFL_20190311T1725_002175_1E076510.csv
5389,34608735,188,2,OYT_TFL_20190311T1725_002175_1E076510.csv
5389,34678044,191,2,OYT_TFL_20190311T1725_002187_8F2031F0.csv
5389,34734884,193,2,OYT_TFL_20190311T1725_002201_75B33854.csv
5389,34734885,192,2,OYT_TFL_20190311T1725_002201_75B33854.csv
5389,34734886,194,2,OYT_TFL_20190311T1725_002201_75B33854.csv
5389,34734887,195,2,OYT_TFL_20190311T1725_002201_75B33854.csv
5389,34820114,198,2,OYT_TFL_20190311T1725_002222_2F2714DF.csv
5389,34820115,199,2,OYT_TFL_20190311T1725_002222_2F2714DF.csv
5389,34856540,196,2,OYT_TFL_20190311T1725_002231_DDEDCCED.csv
5389,34856541,197,2,OYT_TFL_20190311T1725_002231_DDEDCCED.csv
5389,34897357,200,2,OYT_TFL_20190311T1725_002241_9EBE8A47.csv
5389,34897358,201,2,OYT_TFL_20190311T1725_002241_9EBE8A47.csv
5389,34922324,202,2,OYT_TFL_20190311T1725_002249_72A0FFC0.csv
5389,47141089,221,2,OYT_TFL_20190311T1736_000008_B369E969.csv
5389,47118824,215,2,OYT_TFL_20190311T1736_000004_7A24849A.csv
5389,47118825,220,2,OYT_TFL_20190311T1736_000004_7A24849A.csv
5389,54706622,224,2,OYT_TFL_20190311T1743_001583_4AE747C7.csv
5389,55146151,225,2,OYT_TFL_20190311T1743_001655_84DA6C6B.csv
5389,55146152,226,2,OYT_TFL_20190311T1743_001655_84DA6C6B.csv
5389,55229013,228,2,OYT_TFL_20190311T1743_001669_3CECD72E.csv
5389,55229014,227,2,OYT_TFL_20190311T1743_001669_3CECD72E.csv
5389,55229015,229,2,OYT_TFL_20190311T1743_001669_3CECD72E.csv
5389,55229016,230,2,OYT_TFL_20190311T1743_001669_3CECD72E.csv
5389,55229017,231,2,OYT_TFL_20190311T1743_001669_3CECD72E.csv
5389,55229018,232,2,OYT_TFL_20190311T1743_001669_3CECD72E.csv
5389,55229019,233,2,OYT_TFL_20190311T1743_001669_3CECD72E.csv
5389,55229020,234,2,OYT_TFL_20190311T1743_001669_3CECD72E.csv
5389,55229021,236,2,OYT_TFL_20190311T1743_001669_3CECD72E.csv
5389,55377417,235,2,OYT_TFL_20190311T1743_001692_1C62D506.csv
5389,55377418,237,2,OYT_TFL_20190311T1743_001692_1C62D506.csv
5389,55377419,238,2,OYT_TFL_20190311T1743_001692_1C62D506.csv
5389,55437874,239,2,OYT_TFL_20190311T1743_001701_2F64CCA2.csv
5389,55437875,240,2,OYT_TFL_20190311T1743_001701_2F64CCA2.csv
5389,55437876,241,2,OYT_TFL_20190311T1743_001701_2F64CCA2.csv
5389,55551398,245,2,OYT_TFL_20190311T1743_001718_B1FA4446.csv
5389,55551399,244,2,OYT_TFL_20190311T1743_001718_B1FA4446.csv
5389,55551400,242,2,OYT_TFL_20190311T1743_001718_B1FA4446.csv
5389,55551401,243,2,OYT_TFL_20190311T1743_001718_B1FA4446.csv
5389,55551402,246,2,OYT_TFL_20190311T1743_001718_B1FA4446.csv
5389,55551403,247,2,OYT_TFL_20190311T1743_001718_B1FA4446.csv
5389,55711099,248,2,OYT_TFL_20190311T1743_001742_2B695622.csv
5389,55711100,249,2,OYT_TFL_20190311T1743_001742_2B695622.csv
5389,55746337,251,2,OYT_TFL_20190311T1743_001750_4F0B5A32.csv
5389,55746338,252,2,OYT_TFL_20190311T1743_001750_4F0B5A32.csv
5389,55746339,250,2,OYT_TFL_20190311T1743_001750_4F0B5A32.csv
5389,55746340,253,2,OYT_TFL_20190311T1743_001750_4F0B5A32.csv
5389,55746341,254,2,OYT_TFL_20190311T1743_001750_4F0B5A32.csv
5389,55746342,255,2,OYT_TFL_20190311T1743_001750_4F0B5A32.csv
5389,55926293,259,2,OYT_TFL_20190311T1744_001780_967C6D5D.csv
5389,55926294,258,2,OYT_TFL_20190311T1744_001780_967C6D5D.csv
5389,56082817,261,2,OYT_TFL_20190311T1744_001806_AA60CE29.csv
5389,56082818,260,2,OYT_TFL_20190311T1744_001806_AA60CE29.csv
5389,56082819,262,2,OYT_TFL_20190311T1744_001806_AA60CE29.csv
5389,56082820,263,2,OYT_TFL_20190311T1744_001806_AA60CE29.csv
5389,56082821,264,2,OYT_TFL_20190311T1744_001806_AA60CE29.csv
5389,56082822,265,2,OYT_TFL_20190311T1744_001806_AA60CE29.csv
5389,56082823,266,2,OYT_TFL_20190311T1744_001806_AA60CE29.csv
5389,56062696,256,2,OYT_TFL_20190311T1744_001800_5C19BC14.csv
5389,56062697,257,2,OYT_TFL_20190311T1744_001800_5C19BC14.csv
5389,56292210,267,2,OYT_TFL_20190311T1744_001838_4DF952B9.csv
5389,56292211,268,2,OYT_TFL_20190311T1744_001838_4DF952B9.csv
5389,56454771,269,2,OYT_TFL_20190311T1744_001863_4E830907.csv
5389,56454772,271,2,OYT_TFL_20190311T1744_001863_4E830907.csv
5389,56454773,270,2,OYT_TFL_20190311T1744_001863_4E830907.csv
5389,56454774,273,2,OYT_TFL_20190311T1744_001863_4E830907.csv
5389,56454775,272,2,OYT_TFL_20190311T1744_001863_4E830907.csv
5389,56454776,274,2,OYT_TFL_20190311T1744_001863_4E830907.csv
5389,56454777,275,2,OYT_TFL_20190311T1744_001863_4E830907.csv
5389,56627822,278,2,OYT_TFL_20190311T1744_001892_9FFFAD03.csv
5389,56627823,276,2,OYT_TFL_20190311T1744_001892_9FFFAD03.csv
5389,56627824,277,2,OYT_TFL_20190311T1744_001892_9FFFAD03.csv
5389,56627825,279,2,OYT_TFL_20190311T1744_001892_9FFFAD03.csv
5389,56627826,280,2,OYT_TFL_20190311T1744_001892_9FFFAD03.csv
5389,56627827,281,2,OYT_TFL_20190311T1744_001892_9FFFAD03.csv
5389,56627828,282,2,OYT_TFL_20190311T1744_001892_9FFFAD03.csv
5389,56780471,284,2,OYT_TFL_20190311T1744_001922_FEBEF82B.csv
5389,56780472,283,2,OYT_TFL_20190311T1744_001922_FEBEF82B.csv
5389,56899199,285,2,OYT_TFL_20190311T1744_001940_364AC5FC.csv
5389,56899200,286,2,OYT_TFL_20190311T1744_001940_364AC5FC.csv
5389,56899201,289,2,OYT_TFL_20190311T1744_001940_364AC5FC.csv
5389,56984633,287,2,OYT_TFL_20190311T1744_001954_E56CFC58.csv
5389,56984634,288,2,OYT_TFL_20190311T1744_001954_E56CFC58.csv
5389,56984635,290,2,OYT_TFL_20190311T1744_001954_E56CFC58.csv
5389,57065462,291,2,OYT_TFL_20190311T1744_001968_33FE995B.csv
5389,57065463,292,2,OYT_TFL_20190311T1744_001968_33FE995B.csv
5389,57065464,293,2,OYT_TFL_20190311T1744_001968_33FE995B.csv
5389,57140080,296,2,OYT_TFL_20190311T1745_001979_B6E3ACF7.csv
5389,57162881,294,2,OYT_TFL_20190311T1745_001983_ECC72110.csv
5389,57162882,295,2,OYT_TFL_20190311T1745_001983_ECC72110.csv
5389,57256838,298,2,OYT_TFL_20190311T1745_002001_D6504397.csv
5389,57256839,297,2,OYT_TFL_20190311T1745_002001_D6504397.csv
5389,57256840,299,2,OYT_TFL_20190311T1745_002001_D6504397.csv
5389,57337758,300,2,OYT_TFL_20190311T1745_002013_EA943B1F.csv
5389,57337759,301,2,OYT_TFL_20190311T1745_002013_EA943B1F.csv
5389,57337760,302,2,OYT_TFL_20190311T1745_002013_EA943B1F.csv
5389,57337761,303,2,OYT_TFL_20190311T1745_002013_EA943B1F.csv
5389,57423515,304,2,OYT_TFL_20190311T1745_002030_63EE3633.csv
5389,57707428,305,2,OYT_TFL_20190311T1745_002078_B59EE288.csv
5389,57876981,306,2,OYT_TFL_20190311T1745_002110_8A8F0691.csv
5389,58165836,307,2,OYT_TFL_20190311T1745_002175_30391630.csv
5389,58165837,309,2,OYT_TFL_20190311T1745_002175_30391630.csv
5389,58165838,310,2,OYT_TFL_20190311T1745_002175_30391630.csv
5389,58165839,308,2,OYT_TFL_20190311T1745_002175_30391630.csv
5389,58235148,311,2,OYT_TFL_20190311T1745_002187_93F69E96.csv
5389,58495969,323,2,OYT_TFL_20190311T1746_000003_6105F239.csv
5389,58531077,326,2,OYT_TFL_20190311T1746_000009_C7B3A70E.csv
5389,58531078,325,2,OYT_TFL_20190311T1746_000009_C7B3A70E.csv
5389,58531079,327,2,OYT_TFL_20190311T1746_000009_C7B3A70E.csv
5389,58554309,328,2,OYT_TFL_20190311T1746_000015_D8FBA50F.csv
5389,58560692,329,2,OYT_TFL_20190311T1746_000018_640C9DBB.csv
5389,58624278,333,2,OYT_TFL_20190311T1746_000049_3119092B.csv
5389,58624279,331,2,OYT_TFL_20190311T1746_000049_3119092B.csv
5389,58624280,330,2,OYT_TFL_20190311T1746_000049_3119092B.csv
5389,58624281,334,2,OYT_TFL_20190311T1746_000049_3119092B.csv
5389,58624282,332,2,OYT_TFL_20190311T1746_000049_3119092B.csv
5389,58291988,313,2,OYT_TFL_20190311T1746_002201_65632677.csv
5389,58291989,312,2,OYT_TFL_20190311T1746_002201_65632677.csv
5389,58291990,314,2,OYT_TFL_20190311T1746_002201_65632677.csv
5389,58291991,315,2,OYT_TFL_20190311T1746_002201_65632677.csv
5389,58377218,318,2,OYT_TFL_20190311T1746_002222_4716748B.csv
5389,58377219,319,2,OYT_TFL_20190311T1746_002222_4716748B.csv
5389,58413644,316,2,OYT_TFL_20190311T1746_002231_50B5FCAB.csv
5389,58413645,317,2,OYT_TFL_20190311T1746_002231_50B5FCAB.csv
5389,58454461,320,2,OYT_TFL_20190311T1746_002241_E69EAD34.csv
5389,58454462,321,2,OYT_TFL_20190311T1746_002241_E69EAD34.csv
5389,58479428,322,2,OYT_TFL_20190311T1746_002249_F045D8A7.csv
5389,70698193,341,2,OYT_TFL_20190311T1756_000008_34F92E99.csv
5389,70675928,335,2,OYT_TFL_20190311T1756_000004_C1D8259B.csv
5389,70675929,340,2,OYT_TFL_20190311T1756_000004_C1D8259B.csv
5389,78263726,344,2,OYT_TFL_20190311T1803_001583_082F68CA.csv
5389,78703255,345,2,OYT_TFL_20190311T1803_001655_0E2EACE0.csv
5389,78703256,346,2,OYT_TFL_20190311T1803_001655_0E2EACE0.csv
5389,78786117,348,2,OYT_TFL_20190311T1803_001669_3092F8D9.csv
5389,78786118,347,2,OYT_TFL_20190311T1803_001669_3092F8D9.csv
5389,78786119,349,2,OYT_TFL_20190311T1803_001669_3092F8D9.csv
5389,78786120,350,2,OYT_TFL_20190311T1803_001669_3092F8D9.csv
5389,78786121,351,2,OYT_TFL_20190311T1803_001669_3092F8D9.csv
5389,78786122,352,2,OYT_TFL_20190311T1803_001669_3092F8D9.csv
5389,78786123,353,2,OYT_TFL_20190311T1803_001669_3092F8D9.csv
5389,78786124,354,2,OYT_TFL_20190311T1803_001669_3092F8D9.csv
5389,78786125,356,2,OYT_TFL_20190311T1803_001669_3092F8D9.csv
5389,78934521,355,2,OYT_TFL_20190311T1804_001692_ED306DAE.csv
5389,78934522,357,2,OYT_TFL_20190311T1804_001692_ED306DAE.csv
5389,78934523,358,2,OYT_TFL_20190311T1804_001692_ED306DAE.csv
5389,78994978,359,2,OYT_TFL_20190311T1804_001701_A7AAF23B.csv
5389,78994979,360,2,OYT_TFL_20190311T1804_001701_A7AAF23B.csv
5389,78994980,361,2,OYT_TFL_20190311T1804_001701_A7AAF23B.csv
5389,79108502,365,2,OYT_TFL_20190311T1804_001718_E26A30E7.csv
5389,79108503,364,2,OYT_TFL_20190311T1804_001718_E26A30E7.csv
5389,79108504,362,2,OYT_TFL_20190311T1804_001718_E26A30E7.csv
5389,79108505,363,2,OYT_TFL_20190311T1804_001718_E26A30E7.csv
5389,79108506,366,2,OYT_TFL_20190311T1804_001718_E26A30E7.csv
5389,79108507,367,2,OYT_TFL_20190311T1804_001718_E26A30E7.csv
5389,79268203,368,2,OYT_TFL_20190311T1804_001742_D380934E.csv
5389,79268204,369,2,OYT_TFL_20190311T1804_001742_D380934E.csv
5389,79303441,371,2,OYT_TFL_20190311T1804_001750_605F83FA.csv
5389,79303442,372,2,OYT_TFL_20190311T1804_001750_605F83FA.csv
5389,79303443,370,2,OYT_TFL_20190311T1804_001750_605F83FA.csv
5389,79303444,373,2,OYT_TFL_20190311T1804_001750_605F83FA.csv
5389,79303445,374,2,OYT_TFL_20190311T1804_001750_605F83FA.csv
5389,79303446,375,2,OYT_TFL_20190311T1804_001750_605F83FA.csv
5389,79483397,379,2,OYT_TFL_20190311T1804_001780_26937AC7.csv
5389,79483398,378,2,OYT_TFL_20190311T1804_001780_26937AC7.csv
5389,79639921,381,2,OYT_TFL_20190311T1804_001806_120C00BF.csv
5389,79639922,380,2,OYT_TFL_20190311T1804_001806_120C00BF.csv
5389,79639923,382,2,OYT_TFL_20190311T1804_001806_120C00BF.csv
5389,79639924,383,2,OYT_TFL_20190311T1804_001806_120C00BF.csv
5389,79639925,384,2,OYT_TFL_20190311T1804_001806_120C00BF.csv
5389,79639926,385,2,OYT_TFL_20190311T1804_001806_120C00BF.csv
5389,79639927,386,2,OYT_TFL_20190311T1804_001806_120C00BF.csv
5389,79619800,376,2,OYT_TFL_20190311T1804_001800_2C55BDCD.csv
5389,79619801,377,2,OYT_TFL_20190311T1804_001800_2C55BDCD.csv
5389,79849314,387,2,OYT_TFL_20190311T1804_001838_91C98353.csv
5389,79849315,388,2,OYT_TFL_20190311T1804_001838_91C98353.csv
5389,80011875,389,2,OYT_TFL_20190311T1804_001863_DBE4FC28.csv
5389,80011876,391,2,OYT_TFL_20190311T1804_001863_DBE4FC28.csv
5389,80011877,390,2,OYT_TFL_20190311T1804_001863_DBE4FC28.csv
5389,80011878,393,2,OYT_TFL_20190311T1804_001863_DBE4FC28.csv
5389,80011879,392,2,OYT_TFL_20190311T1804_001863_DBE4FC28.csv
5389,80011880,394,2,OYT_TFL_20190311T1804_001863_DBE4FC28.csv
5389,80011881,395,2,OYT_TFL_20190311T1804_001863_DBE4FC28.csv
5389,80184926,398,2,OYT_TFL_20190311T1805_001892_F35EF037.csv
5389,80184927,396,2,OYT_TFL_20190311T1805_001892_F35EF037.csv
5389,80184928,397,2,OYT_TFL_20190311T1805_001892_F35EF037.csv
5389,80184929,399,2,OYT_TFL_20190311T1805_001892_F35EF037.csv
5389,80184930,400,2,OYT_TFL_20190311T1805_001892_F35EF037.csv
5389,80184931,401,2,OYT_TFL_20190311T1805_001892_F35EF037.csv
5389,80184932,402,2,OYT_TFL_20190311T1805_001892_F35EF037.csv
5389,80337575,404,2,OYT_TFL_20190311T1805_001922_C34FAD31.csv
5389,80337576,403,2,OYT_TFL_20190311T1805_001922_C34FAD31.csv
5389,80456303,405,2,OYT_TFL_20190311T1805_001940_5A5EC45D.csv
5389,80456304,406,2,OYT_TFL_20190311T1805_001940_5A5EC45D.csv
5389,80456305,409,2,OYT_TFL_20190311T1805_001940_5A5EC45D.csv
5389,80541737,407,2,OYT_TFL_20190311T1805_001954_CC95235D.csv
5389,80541738,408,2,OYT_TFL_20190311T1805_001954_CC95235D.csv
5389,80541739,410,2,OYT_TFL_20190311T1805_001954_CC95235D.csv
5389,80697184,416,2,OYT_TFL_20190311T1805_001979_48E74BDD.csv
5389,80622566,411,2,OYT_TFL_20190311T1805_001968_0C4BE62C.csv
5389,80622567,412,2,OYT_TFL_20190311T1805_001968_0C4BE62C.csv
5389,80622568,413,2,OYT_TFL_20190311T1805_001968_0C4BE62C.csv
5389,80719985,414,2,OYT_TFL_20190311T1805_001983_2148C83E.csv
5389,80719986,415,2,OYT_TFL_20190311T1805_001983_2148C83E.csv
5389,80813942,418,2,OYT_TFL_20190311T1805_002001_AA20D960.csv
5389,80813943,417,2,OYT_TFL_20190311T1805_002001_AA20D960.csv
5389,80813944,419,2,OYT_TFL_20190311T1805_002001_AA20D960.csv
5389,80894862,420,2,OYT_TFL_20190311T1805_002013_062091FF.csv
5389,80894863,421,2,OYT_TFL_20190311T1805_002013_062091FF.csv
5389,80894864,422,2,OYT_TFL_20190311T1805_002013_062091FF.csv
5389,80894865,423,2,OYT_TFL_20190311T1805_002013_062091FF.csv
5389,80980619,424,2,OYT_TFL_20190311T1805_002030_C2F07967.csv
5389,82053073,443,2,OYT_TFL_20190311T1806_000003_C153DB00.csv
5389,82088181,446,2,OYT_TFL_20190311T1806_000009_7CF0D65A.csv
5389,82088182,445,2,OYT_TFL_20190311T1806_000009_7CF0D65A.csv
5389,82088183,447,2,OYT_TFL_20190311T1806_000009_7CF0D65A.csv
5389,82111413,448,2,OYT_TFL_20190311T1806_000015_86D4E152.csv
5389,82117796,449,2,OYT_TFL_20190311T1806_000018_6C880019.csv
5389,82181382,453,2,OYT_TFL_20190311T1806_000049_3B34FC08.csv
5389,82181383,451,2,OYT_TFL_20190311T1806_000049_3B34FC08.csv
5389,82181384,450,2,OYT_TFL_20190311T1806_000049_3B34FC08.csv
5389,82181385,454,2,OYT_TFL_20190311T1806_000049_3B34FC08.csv
5389,82181386,452,2,OYT_TFL_20190311T1806_000049_3B34FC08.csv
5389,81264532,425,2,OYT_TFL_20190311T1806_002078_3AD845F0.csv
5389,81434085,426,2,OYT_TFL_20190311T1806_002110_9683A017.csv
5389,81722940,427,2,OYT_TFL_20190311T1806_002175_C3D2F05E.csv
5389,81722941,429,2,OYT_TFL_20190311T1806_002175_C3D2F05E.csv
5389,81722942,430,2,OYT_TFL_20190311T1806_002175_C3D2F05E.csv
5389,81722943,428,2,OYT_TFL_20190311T1806_002175_C3D2F05E.csv
5389,81792252,431,2,OYT_TFL_20190311T1806_002187_9E9F4268.csv
5389,81849092,433,2,OYT_TFL_20190311T1806_002201_654F80B7.csv
5389,81849093,432,2,OYT_TFL_20190311T1806_002201_654F80B7.csv
5389,81849094,434,2,OYT_TFL_20190311T1806_002201_654F80B7.csv
5389,81849095,435,2,OYT_TFL_20190311T1806_002201_654F80B7.csv
5389,81934322,438,2,OYT_TFL_20190311T1806_002222_099AC1D1.csv
5389,81934323,439,2,OYT_TFL_20190311T1806_002222_099AC1D1.csv
5389,81970748,436,2,OYT_TFL_20190311T1806_002231_DEC585A9.csv
5389,81970749,437,2,OYT_TFL_20190311T1806_002231_DEC585A9.csv
5389,82011565,440,2,OYT_TFL_20190311T1806_002241_297C1749.csv
5389,82011566,441,2,OYT_TFL_20190311T1806_002241_297C1749.csv
5389,82036532,442,2,OYT_TFL_20190311T1806_002249_DCB6EFCC.csv
5389,94233032,455,2,OYT_TFL_20190311T1817_000004_0AF1CA79.csv
5389,94233033,460,2,OYT_TFL_20190311T1817_000004_0AF1CA79.csv
5389,94255297,461,2,OYT_TFL_20190311T1817_000008_F48E43B0.csv
5389,101820830,464,2,OYT_TFL_20190311T1824_001583_00AAE948.csv
5389,102260359,465,2,OYT_TFL_20190311T1824_001655_C77AB317.csv
5389,102260360,466,2,OYT_TFL_20190311T1824_001655_C77AB317.csv
5389,102343221,468,2,OYT_TFL_20190311T1824_001669_F228E01E.csv
5389,102343222,467,2,OYT_TFL_20190311T1824_001669_F228E01E.csv
5389,102343223,469,2,OYT_TFL_20190311T1824_001669_F228E01E.csv
5389,102343224,470,2,OYT_TFL_20190311T1824_001669_F228E01E.csv
5389,102343225,471,2,OYT_TFL_20190311T1824_001669_F228E01E.csv
5389,102343226,472,2,OYT_TFL_20190311T1824_001669_F228E01E.csv
5389,102343227,473,2,OYT_TFL_20190311T1824_001669_F228E01E.csv
5389,102343228,474,2,OYT_TFL_20190311T1824_001669_F228E01E.csv
5389,102343229,476,2,OYT_TFL_20190311T1824_001669_F228E01E.csv
5389,102491625,475,2,OYT_TFL_20190311T1824_001692_FF523EC6.csv
5389,102491626,477,2,OYT_TFL_20190311T1824_001692_FF523EC6.csv
5389,102491627,478,2,OYT_TFL_20190311T1824_001692_FF523EC6.csv
5389,102552082,479,2,OYT_TFL_20190311T1824_001701_8811B452.csv
5389,102552083,480,2,OYT_TFL_20190311T1824_001701_8811B452.csv
5389,102552084,481,2,OYT_TFL_20190311T1824_001701_8811B452.csv
5389,102665606,485,2,OYT_TFL_20190311T1824_001718_055FBAA7.csv
5389,102665607,484,2,OYT_TFL_20190311T1824_001718_055FBAA7.csv
5389,102665608,482,2,OYT_TFL_20190311T1824_001718_055FBAA7.csv
5389,102665609,483,2,OYT_TFL_20190311T1824_001718_055FBAA7.csv
5389,102665610,486,2,OYT_TFL_20190311T1824_001718_055FBAA7.csv
5389,102665611,487,2,OYT_TFL_20190311T1824_001718_055FBAA7.csv
5389,102860545,491,2,OYT_TFL_20190311T1824_001750_D788582E.csv
5389,102860546,492,2,OYT_TFL_20190311T1824_001750_D788582E.csv
5389,102860547,490,2,OYT_TFL_20190311T1824_001750_D788582E.csv
5389,102860548,493,2,OYT_TFL_20190311T1824_001750_D788582E.csv
5389,102860549,494,2,OYT_TFL_20190311T1824_001750_D788582E.csv
5389,102860550,495,2,OYT_TFL_20190311T1824_001750_D788582E.csv
5389,102825307,488,2,OYT_TFL_20190311T1824_001742_7385B1FA.csv
5389,102825308,489,2,OYT_TFL_20190311T1824_001742_7385B1FA.csv
5389,103040501,499,2,OYT_TFL_20190311T1825_001780_40F1B986.csv
5389,103040502,498,2,OYT_TFL_20190311T1825_001780_40F1B986.csv
5389,103197025,501,2,OYT_TFL_20190311T1825_001806_196DE018.csv
5389,103197026,500,2,OYT_TFL_20190311T1825_001806_196DE018.csv
5389,103197027,502,2,OYT_TFL_20190311T1825_001806_196DE018.csv
5389,103197028,503,2,OYT_TFL_20190311T1825_001806_196DE018.csv
5389,103197029,504,2,OYT_TFL_20190311T1825_001806_196DE018.csv
5389,103197030,505,2,OYT_TFL_20190311T1825_001806_196DE018.csv
5389,103197031,506,2,OYT_TFL_20190311T1825_001806_196DE018.csv
5389,103176904,496,2,OYT_TFL_20190311T1825_001800_05469963.csv
5389,103176905,497,2,OYT_TFL_20190311T1825_001800_05469963.csv
5389,103406418,507,2,OYT_TFL_20190311T1825_001838_8DD9D3E9.csv
5389,103406419,508,2,OYT_TFL_20190311T1825_001838_8DD9D3E9.csv
5389,103568979,509,2,OYT_TFL_20190311T1825_001863_74CB1921.csv
5389,103568980,511,2,OYT_TFL_20190311T1825_001863_74CB1921.csv
5389,103568981,510,2,OYT_TFL_20190311T1825_001863_74CB1921.csv
5389,103568982,513,2,OYT_TFL_20190311T1825_001863_74CB1921.csv
5389,103568983,512,2,OYT_TFL_20190311T1825_001863_74CB1921.csv
5389,103568984,514,2,OYT_TFL_20190311T1825_001863_74CB1921.csv
5389,103568985,515,2,OYT_TFL_20190311T1825_001863_74CB1921.csv
5389,103742030,518,2,OYT_TFL_20190311T1825_001892_9F3F9A23.csv
5389,103742031,516,2,OYT_TFL_20190311T1825_001892_9F3F9A23.csv
5389,103742032,517,2,OYT_TFL_20190311T1825_001892_9F3F9A23.csv
5389,103742033,519,2,OYT_TFL_20190311T1825_001892_9F3F9A23.csv
5389,103742034,520,2,OYT_TFL_20190311T1825_001892_9F3F9A23.csv
5389,103742035,521,2,OYT_TFL_20190311T1825_001892_9F3F9A23.csv
5389,103742036,522,2,OYT_TFL_20190311T1825_001892_9F3F9A23.csv
5389,103894679,524,2,OYT_TFL_20190311T1825_001922_3FC9B295.csv
5389,103894680,523,2,OYT_TFL_20190311T1825_001922_3FC9B295.csv
5389,104013407,525,2,OYT_TFL_20190311T1825_001940_6C823C78.csv
5389,104013408,526,2,OYT_TFL_20190311T1825_001940_6C823C78.csv
5389,104013409,529,2,OYT_TFL_20190311T1825_001940_6C823C78.csv
5389,104098841,527,2,OYT_TFL_20190311T1825_001954_FDEF09C6.csv
5389,104098842,528,2,OYT_TFL_20190311T1825_001954_FDEF09C6.csv
5389,104098843,530,2,OYT_TFL_20190311T1825_001954_FDEF09C6.csv
5389,104179670,531,2,OYT_TFL_20190311T1826_001968_1C46F15A.csv
5389,104179671,532,2,OYT_TFL_20190311T1826_001968_1C46F15A.csv
5389,104179672,533,2,OYT_TFL_20190311T1826_001968_1C46F15A.csv
5389,104254288,536,2,OYT_TFL_20190311T1826_001979_EE598714.csv
5389,104277089,534,2,OYT_TFL_20190311T1826_001983_2B2AFC58.csv
5389,104277090,535,2,OYT_TFL_20190311T1826_001983_2B2AFC58.csv
5389,104371046,538,2,OYT_TFL_20190311T1826_002001_1B7FDC8F.csv
5389,104371047,537,2,OYT_TFL_20190311T1826_002001_1B7FDC8F.csv
5389,104371048,539,2,OYT_TFL_20190311T1826_002001_1B7FDC8F.csv
5389,104451966,540,2,OYT_TFL_20190311T1826_002013_48493B1D.csv
5389,104451967,541,2,OYT_TFL_20190311T1826_002013_48493B1D.csv
5389,104451968,542,2,OYT_TFL_20190311T1826_002013_48493B1D.csv
5389,104451969,543,2,OYT_TFL_20190311T1826_002013_48493B1D.csv
5389,104537723,544,2,OYT_TFL_20190311T1826_002030_0B48E26F.csv
5389,104821636,545,2,OYT_TFL_20190311T1826_002078_5E3A248B.csv
5389,104991189,546,2,OYT_TFL_20190311T1826_002110_B2B84E59.csv
5389,105610177,563,2,OYT_TFL_20190311T1827_000003_1E85D1D9.csv
5389,105645285,566,2,OYT_TFL_20190311T1827_000009_E22332D9.csv
5389,105645286,565,2,OYT_TFL_20190311T1827_000009_E22332D9.csv
5389,105645287,567,2,OYT_TFL_20190311T1827_000009_E22332D9.csv
5389,105668517,568,2,OYT_TFL_20190311T1827_000015_39F7E36C.csv
5389,105674900,569,2,OYT_TFL_20190311T1827_000018_DEBCE9FB.csv
5389,105738486,573,2,OYT_TFL_20190311T1827_000049_2063A448.csv
5389,105738487,571,2,OYT_TFL_20190311T1827_000049_2063A448.csv
5389,105738488,570,2,OYT_TFL_20190311T1827_000049_2063A448.csv
5389,105738489,574,2,OYT_TFL_20190311T1827_000049_2063A448.csv
5389,105738490,572,2,OYT_TFL_20190311T1827_000049_2063A448.csv
5389,105280044,547,2,OYT_TFL_20190311T1827_002175_138DB13A.csv
5389,105280045,549,2,OYT_TFL_20190311T1827_002175_138DB13A.csv
5389,105280046,550,2,OYT_TFL_20190311T1827_002175_138DB13A.csv
5389,105280047,548,2,OYT_TFL_20190311T1827_002175_138DB13A.csv
5389,105349356,551,2,OYT_TFL_20190311T1827_002187_8EA80051.csv
5389,105406196,553,2,OYT_TFL_20190311T1827_002201_6AEE674C.csv
5389,105406197,552,2,OYT_TFL_20190311T1827_002201_6AEE674C.csv
5389,105406198,554,2,OYT_TFL_20190311T1827_002201_6AEE674C.csv
5389,105406199,555,2,OYT_TFL_20190311T1827_002201_6AEE674C.csv
5389,105491426,558,2,OYT_TFL_20190311T1827_002222_E190FA79.csv
5389,105491427,559,2,OYT_TFL_20190311T1827_002222_E190FA79.csv
5389,105527852,556,2,OYT_TFL_20190311T1827_002231_60C91BDB.csv
5389,105527853,557,2,OYT_TFL_20190311T1827_002231_60C91BDB.csv
5389,105568669,560,2,OYT_TFL_20190311T1827_002241_7F292A77.csv
5389,105568670,561,2,OYT_TFL_20190311T1827_002241_7F292A77.csv
5389,105593636,562,2,OYT_TFL_20190311T1827_002249_A7C14A75.csv
5389,117790136,575,2,OYT_TFL_20190311T1838_000004_8D4004CA.csv
5389,117790137,580,2,OYT_TFL_20190311T1838_000004_8D4004CA.csv
5389,117812401,581,2,OYT_TFL_20190311T1838_000008_79FE99B6.csv
5389,125377934,584,2,OYT_TFL_20190311T1844_001583_10F7277F.csv
5389,125817463,585,2,OYT_TFL_20190311T1845_001655_75176679.csv
5389,125817464,586,2,OYT_TFL_20190311T1845_001655_75176679.csv
5389,125900325,588,2,OYT_TFL_20190311T1845_001669_95AAFC0D.csv
5389,125900326,587,2,OYT_TFL_20190311T1845_001669_95AAFC0D.csv
5389,125900327,589,2,OYT_TFL_20190311T1845_001669_95AAFC0D.csv
5389,125900328,590,2,OYT_TFL_20190311T1845_001669_95AAFC0D.csv
5389,125900329,591,2,OYT_TFL_20190311T1845_001669_95AAFC0D.csv
5389,125900330,592,2,OYT_TFL_20190311T1845_001669_95AAFC0D.csv
5389,125900331,593,2,OYT_TFL_20190311T1845_001669_95AAFC0D.csv
5389,125900332,594,2,OYT_TFL_20190311T1845_001669_95AAFC0D.csv
5389,125900333,596,2,OYT_TFL_20190311T1845_001669_95AAFC0D.csv
5389,126048729,595,2,OYT_TFL_20190311T1845_001692_6406D470.csv
5389,126048730,597,2,OYT_TFL_20190311T1845_001692_6406D470.csv
5389,126048731,598,2,OYT_TFL_20190311T1845_001692_6406D470.csv
5389,126109186,599,2,OYT_TFL_20190311T1845_001701_8F1E16A3.csv
5389,126109187,600,2,OYT_TFL_20190311T1845_001701_8F1E16A3.csv
5389,126109188,601,2,OYT_TFL_20190311T1845_001701_8F1E16A3.csv
5389,126222710,605,2,OYT_TFL_20190311T1845_001718_F9C30491.csv
5389,126222711,604,2,OYT_TFL_20190311T1845_001718_F9C30491.csv
5389,126222712,602,2,OYT_TFL_20190311T1845_001718_F9C30491.csv
5389,126222713,603,2,OYT_TFL_20190311T1845_001718_F9C30491.csv
5389,126222714,606,2,OYT_TFL_20190311T1845_001718_F9C30491.csv
5389,126222715,607,2,OYT_TFL_20190311T1845_001718_F9C30491.csv
5389,126417649,611,2,OYT_TFL_20190311T1845_001750_632B62D1.csv
5389,126417650,612,2,OYT_TFL_20190311T1845_001750_632B62D1.csv
5389,126417651,610,2,OYT_TFL_20190311T1845_001750_632B62D1.csv
5389,126417652,613,2,OYT_TFL_20190311T1845_001750_632B62D1.csv
5389,126417653,614,2,OYT_TFL_20190311T1845_001750_632B62D1.csv
5389,126417654,615,2,OYT_TFL_20190311T1845_001750_632B62D1.csv
5389,126382411,608,2,OYT_TFL_20190311T1845_001742_B7219A68.csv
5389,126382412,609,2,OYT_TFL_20190311T1845_001742_B7219A68.csv
5389,126597605,619,2,OYT_TFL_20190311T1845_001780_2B8C54B2.csv
5389,126597606,618,2,OYT_TFL_20190311T1845_001780_2B8C54B2.csv
5389,126754129,621,2,OYT_TFL_20190311T1845_001806_AC619EE3.csv
5389,126754130,620,2,OYT_TFL_20190311T1845_001806_AC619EE3.csv
5389,126754131,622,2,OYT_TFL_20190311T1845_001806_AC619EE3.csv
5389,126754132,623,2,OYT_TFL_20190311T1845_001806_AC619EE3.csv
5389,126754133,624,2,OYT_TFL_20190311T1845_001806_AC619EE3.csv
5389,126754134,625,2,OYT_TFL_20190311T1845_001806_AC619EE3.csv
5389,126754135,626,2,OYT_TFL_20190311T1845_001806_AC619EE3.csv
5389,126734008,616,2,OYT_TFL_20190311T1845_001800_A2014EE3.csv
5389,126734009,617,2,OYT_TFL_20190311T1845_001800_A2014EE3.csv
5389,126963522,627,2,OYT_TFL_20190311T1846_001838_BBC67129.csv
5389,126963523,628,2,OYT_TFL_20190311T1846_001838_BBC67129.csv
5389,127126083,629,2,OYT_TFL_20190311T1846_001863_341FE5BB.csv
5389,127126084,631,2,OYT_TFL_20190311T1846_001863_341FE5BB.csv
5389,127126085,630,2,OYT_TFL_20190311T1846_001863_341FE5BB.csv
5389,127126086,633,2,OYT_TFL_20190311T1846_001863_341FE5BB.csv
5389,127126087,632,2,OYT_TFL_20190311T1846_001863_341FE5BB.csv
5389,127126088,634,2,OYT_TFL_20190311T1846_001863_341FE5BB.csv
5389,127126089,635,2,OYT_TFL_20190311T1846_001863_341FE5BB.csv
5389,127299134,638,2,OYT_TFL_20190311T1846_001892_5917577E.csv
5389,127299135,636,2,OYT_TFL_20190311T1846_001892_5917577E.csv
5389,127299136,637,2,OYT_TFL_20190311T1846_001892_5917577E.csv
5389,127299137,639,2,OYT_TFL_20190311T1846_001892_5917577E.csv
5389,127299138,640,2,OYT_TFL_20190311T1846_001892_5917577E.csv
5389,127299139,641,2,OYT_TFL_20190311T1846_001892_5917577E.csv
5389,127299140,642,2,OYT_TFL_20190311T1846_001892_5917577E.csv
5389,127451783,644,2,OYT_TFL_20190311T1846_001922_B55F51F1.csv
5389,127451784,643,2,OYT_TFL_20190311T1846_001922_B55F51F1.csv
5389,127570511,645,2,OYT_TFL_20190311T1846_001940_2E76F6E2.csv
5389,127570512,646,2,OYT_TFL_20190311T1846_001940_2E76F6E2.csv
5389,127570513,649,2,OYT_TFL_20190311T1846_001940_2E76F6E2.csv
5389,127655945,647,2,OYT_TFL_20190311T1846_001954_AC52C24F.csv
5389,127655946,648,2,OYT_TFL_20190311T1846_001954_AC52C24F.csv
5389,127655947,650,2,OYT_TFL_20190311T1846_001954_AC52C24F.csv
5389,127736774,651,2,OYT_TFL_20190311T1846_001968_0FB12D1E.csv
5389,127736775,652,2,OYT_TFL_20190311T1846_001968_0FB12D1E.csv
5389,127736776,653,2,OYT_TFL_20190311T1846_001968_0FB12D1E.csv
5389,127811392,656,2,OYT_TFL_20190311T1846_001979_3F10F9DE.csv
5389,127834193,654,2,OYT_TFL_20190311T1846_001983_24F19A9A.csv
5389,127834194,655,2,OYT_TFL_20190311T1846_001983_24F19A9A.csv
5389,127928150,658,2,OYT_TFL_20190311T1846_002001_B1B69492.csv
5389,127928151,657,2,OYT_TFL_20190311T1846_002001_B1B69492.csv
5389,127928152,659,2,OYT_TFL_20190311T1846_002001_B1B69492.csv
5389,128009070,660,2,OYT_TFL_20190311T1846_002013_0EA0BC0A.csv
5389,128009071,661,2,OYT_TFL_20190311T1846_002013_0EA0BC0A.csv
5389,128009072,662,2,OYT_TFL_20190311T1846_002013_0EA0BC0A.csv
5389,128009073,663,2,OYT_TFL_20190311T1846_002013_0EA0BC0A.csv
5389,129167281,683,2,OYT_TFL_20190311T1847_000003_6C9B3B52.csv
5389,128094827,664,2,OYT_TFL_20190311T1847_002030_1B42FEF1.csv
5389,128378740,665,2,OYT_TFL_20190311T1847_002078_A5772918.csv
5389,128548293,666,2,OYT_TFL_20190311T1847_002110_5F4D4C3F.csv
5389,128837148,667,2,OYT_TFL_20190311T1847_002175_C522CA23.csv
5389,128837149,669,2,OYT_TFL_20190311T1847_002175_C522CA23.csv
5389,128837150,670,2,OYT_TFL_20190311T1847_002175_C522CA23.csv
5389,128837151,668,2,OYT_TFL_20190311T1847_002175_C522CA23.csv
5389,128906460,671,2,OYT_TFL_20190311T1847_002187_67F82A80.csv
5389,128963300,673,2,OYT_TFL_20190311T1847_002201_2597EAC8.csv
5389,128963301,672,2,OYT_TFL_20190311T1847_002201_2597EAC8.csv
5389,128963302,674,2,OYT_TFL_20190311T1847_002201_2597EAC8.csv
5389,128963303,675,2,OYT_TFL_20190311T1847_002201_2597EAC8.csv
5389,129048530,678,2,OYT_TFL_20190311T1847_002222_FBA09BD3.csv
5389,129048531,679,2,OYT_TFL_20190311T1847_002222_FBA09BD3.csv
5389,129084956,676,2,OYT_TFL_20190311T1847_002231_CA9D6F55.csv
5389,129084957,677,2,OYT_TFL_20190311T1847_002231_CA9D6F55.csv
5389,129125773,680,2,OYT_TFL_20190311T1847_002241_9A9A172D.csv
5389,129125774,681,2,OYT_TFL_20190311T1847_002241_9A9A172D.csv
5389,129150740,682,2,OYT_TFL_20190311T1847_002249_68C19E12.csv
5389,129202389,686,2,OYT_TFL_20190311T1848_000009_B81212B8.csv
5389,129202390,685,2,OYT_TFL_20190311T1848_000009_B81212B8.csv
5389,129202391,687,2,OYT_TFL_20190311T1848_000009_B81212B8.csv
5389,129225621,688,2,OYT_TFL_20190311T1848_000015_539A1696.csv
5389,129232004,689,2,OYT_TFL_20190311T1848_000018_B2F44222.csv
5389,129295590,693,2,OYT_TFL_20190311T1848_000049_DAE7A0FD.csv
5389,129295591,691,2,OYT_TFL_20190311T1848_000049_DAE7A0FD.csv
5389,129295592,690,2,OYT_TFL_20190311T1848_000049_DAE7A0FD.csv
5389,129295593,694,2,OYT_TFL_20190311T1848_000049_DAE7A0FD.csv
5389,129295594,692,2,OYT_TFL_20190311T1848_000049_DAE7A0FD.csv
