<Backups xmlns="http://www.microsoft.com/GroupPolicy/GPOOperations/Manifest" xmlns:mfst="http://www.microsoft.com/GroupPolicy/GPOOperations/Manifest" mfst:version="1.0"><BackupInst><GPOGuid><![CDATA[{DD313C23-5F7A-4A11-B7DA-C7CCAA7A92FD}]]></GPOGuid><GPODomain><![CDATA[FAELAB.TFL.LOCAL]]></GPODomain><GPODomainGuid><![CDATA[{10ebc9d7-0f76-47aa-9e6f-346ef309904b}]]></GPODomainGuid><GPODomainController><![CDATA[FAEADG001.FAELAB.TFL.LOCAL]]></GPODomainController><BackupTime><![CDATA[2016-02-03T16:12:41]]></BackupTime><ID><![CDATA[{ABF0706D-CA59-4362-A005-1A1BAB3B2F36}]]></ID><Comment><![CDATA[CubicGPO_CIS_1.2_Settings_FTPFinal]]></Comment><GPODisplayName><![CDATA[CIS 1.2 Settings]]></GPODisplayName></BackupInst></Backups>