<?xml version="1.0" encoding="utf-8"?><!-- Copyright (c) Microsoft Corporation.  All rights reserved. --><GroupPolicyBackupScheme bkp:version="2.0" bkp:type="GroupPolicyBackupTemplate" xmlns:bkp="http://www.microsoft.com/GroupPolicy/GPOOperations" xmlns="http://www.microsoft.com/GroupPolicy/GPOOperations">
    <GroupPolicyObject><SecurityGroups><Group><Sid/><SamAccountName><![CDATA[Administrators]]></SamAccountName><Type><![CDATA[Unknown]]></Type><NetBIOSDomainName/><DnsDomainName/><UPN/></Group><Group><Sid/><SamAccountName><![CDATA[Backup Operators]]></SamAccountName><Type><![CDATA[Unknown]]></Type><NetBIOSDomainName/><DnsDomainName/><UPN/></Group><Group><Sid/><SamAccountName><![CDATA[LOCAL SERVICE]]></SamAccountName><Type><![CDATA[Unknown]]></Type><NetBIOSDomainName/><DnsDomainName/><UPN/></Group><Group><Sid/><SamAccountName><![CDATA[NETWORK SERVICE]]></SamAccountName><Type><![CDATA[Unknown]]></Type><NetBIOSDomainName/><DnsDomainName/><UPN/></Group><Group><Sid/><SamAccountName><![CDATA[SERVICE]]></SamAccountName><Type><![CDATA[Unknown]]></Type><NetBIOSDomainName/><DnsDomainName/><UPN/></Group><Group><Sid/><SamAccountName><![CDATA[Guests]]></SamAccountName><Type><![CDATA[Unknown]]></Type><NetBIOSDomainName/><DnsDomainName/><UPN/></Group><Group><Sid/><SamAccountName><![CDATA[Authenticated Users]]></SamAccountName><Type><![CDATA[Unknown]]></Type><NetBIOSDomainName/><DnsDomainName/><UPN/></Group><Group><Sid><![CDATA[S-1-5-21-2585234583-3217295570-3703893289-1138]]></Sid><SamAccountName><![CDATA[G-SQL_Service_Accounts]]></SamAccountName><Type><![CDATA[GlobalGroup]]></Type><NetBIOSDomainName><![CDATA[FAELAB]]></NetBIOSDomainName><DnsDomainName><![CDATA[FAELAB.TFL.LOCAL]]></DnsDomainName><UPN><![CDATA[G-SQL_Service_Accounts@FAELAB.TFL.LOCAL]]></UPN></Group><Group bkp:Source="FromDACL"><Sid><![CDATA[S-1-5-21-2585234583-3217295570-3703893289-519]]></Sid><SamAccountName><![CDATA[Enterprise Admins]]></SamAccountName><Type><![CDATA[UniversalGroup]]></Type><NetBIOSDomainName><![CDATA[FAELAB]]></NetBIOSDomainName><DnsDomainName><![CDATA[FAELAB.TFL.LOCAL]]></DnsDomainName><UPN><![CDATA[Enterprise Admins@FAELAB.TFL.LOCAL]]></UPN></Group><Group bkp:Source="FromDACL"><Sid><![CDATA[S-1-5-21-2585234583-3217295570-3703893289-512]]></Sid><SamAccountName><![CDATA[Domain Admins]]></SamAccountName><Type><![CDATA[GlobalGroup]]></Type><NetBIOSDomainName><![CDATA[FAELAB]]></NetBIOSDomainName><DnsDomainName><![CDATA[FAELAB.TFL.LOCAL]]></DnsDomainName><UPN><![CDATA[Domain Admins@FAELAB.TFL.LOCAL]]></UPN></Group></SecurityGroups><FilePaths/><GroupPolicyCoreSettings><ID><![CDATA[{DD313C23-5F7A-4A11-B7DA-C7CCAA7A92FD}]]></ID><Domain><![CDATA[FAELAB.TFL.LOCAL]]></Domain><SecurityDescriptor>01 00 04 9c 00 00 00 00 00 00 00 00 00 00 00 00 14 00 00 00 04 00 ec 00 08 00 00 00 05 02 28 00 00 01 00 00 01 00 00 00 8f fd ac ed b3 ff d1 11 b4 1d 00 a0 c9 68 f9 39 01 01 00 00 00 00 00 05 0b 00 00 00 00 00 24 00 ff 00 0f 00 01 05 00 00 00 00 00 05 15 00 00 00 97 8c 17 9a d2 08 c4 bf 29 ed c4 dc 00 02 00 00 00 02 24 00 ff 00 0f 00 01 05 00 00 00 00 00 05 15 00 00 00 97 8c 17 9a d2 08 c4 bf 29 ed c4 dc 00 02 00 00 00 02 24 00 ff 00 0f 00 01 05 00 00 00 00 00 05 15 00 00 00 97 8c 17 9a d2 08 c4 bf 29 ed c4 dc 07 02 00 00 00 02 14 00 94 00 02 00 01 01 00 00 00 00 00 05 09 00 00 00 00 02 14 00 94 00 02 00 01 01 00 00 00 00 00 05 0b 00 00 00 00 02 14 00 ff 00 0f 00 01 01 00 00 00 00 00 05 12 00 00 00 00 0a 14 00 ff 00 0f 00 01 01 00 00 00 00 00 03 00 00 00 00</SecurityDescriptor><DisplayName><![CDATA[CIS 1.2 Settings]]></DisplayName><Options><![CDATA[0]]></Options><UserVersionNumber><![CDATA[65537]]></UserVersionNumber><MachineVersionNumber><![CDATA[5111886]]></MachineVersionNumber><MachineExtensionGuids><![CDATA[[{00000000-0000-0000-0000-000000000000}{BEE07A6A-EC9F-4659-B8C9-0B1937907C83}][{35378EAC-683F-11D2-A89A-00C04FBBCFA2}{B05566AC-FE9C-4368-BE01-7A4CBB6CBA11}{D02B1F72-3407-48AE-BA88-E8213C6761F1}][{827D319E-6EAC-11D2-A4EA-00C04F79F83A}{803E14A0-B4FB-11D0-A0D0-00A0C90F574B}][{B087BE9D-ED37-454F-AF9C-04291E351182}{BEE07A6A-EC9F-4659-B8C9-0B1937907C83}]]]></MachineExtensionGuids><UserExtensionGuids/><WMIFilter/></GroupPolicyCoreSettings> 
        <GroupPolicyExtension bkp:ID="{35378EAC-683F-11D2-A89A-00C04FBBCFA2}" bkp:DescName="Registry">
            <FSObjectFile bkp:Path="%GPO_MACH_FSPATH%\registry.pol" bkp:SourceExpandedPath="\\FAEADG001.FAELAB.TFL.LOCAL\sysvol\FAELAB.TFL.LOCAL\Policies\{DD313C23-5F7A-4A11-B7DA-C7CCAA7A92FD}\Machine\registry.pol" bkp:Location="DomainSysvol\GPO\Machine\registry.pol"/>
            
            <FSObjectFile bkp:Path="%GPO_FSPATH%\Adm\*.*" bkp:SourceExpandedPath="\\FAEADG001.FAELAB.TFL.LOCAL\sysvol\FAELAB.TFL.LOCAL\Policies\{DD313C23-5F7A-4A11-B7DA-C7CCAA7A92FD}\Adm\*.*"/>
        </GroupPolicyExtension>
        
        
        
        
        <GroupPolicyExtension bkp:ID="{827D319E-6EAC-11D2-A4EA-00C04F79F83A}" bkp:DescName="Security">
            <FSObjectFile bkp:Path="%GPO_MACH_FSPATH%\microsoft\windows nt\SecEdit\GptTmpl.inf" bkp:SourceExpandedPath="\\FAEADG001.FAELAB.TFL.LOCAL\sysvol\FAELAB.TFL.LOCAL\Policies\{DD313C23-5F7A-4A11-B7DA-C7CCAA7A92FD}\Machine\microsoft\windows nt\SecEdit\GptTmpl.inf" bkp:ReEvaluateFunction="SecurityValidateSettings" bkp:Location="DomainSysvol\GPO\Machine\microsoft\windows nt\SecEdit\GptTmpl.inf"/>
        </GroupPolicyExtension>
        
        
        
    <GroupPolicyExtension bkp:ID="{F15C46CD-82A0-4C2D-A210-5D0D3182A418}" bkp:DescName="Unknown Extension"><FSObjectDir bkp:Path="%GPO_FSPATH%\Group Policy" bkp:SourceExpandedPath="\\FAEADG001.FAELAB.TFL.LOCAL\sysvol\FAELAB.TFL.LOCAL\Policies\{DD313C23-5F7A-4A11-B7DA-C7CCAA7A92FD}\Group Policy" bkp:Location="DomainSysvol\GPO\Group Policy"/><FSObjectFile bkp:Path="%GPO_FSPATH%\Group Policy\GPE.INI" bkp:SourceExpandedPath="\\FAEADG001.FAELAB.TFL.LOCAL\sysvol\FAELAB.TFL.LOCAL\Policies\{DD313C23-5F7A-4A11-B7DA-C7CCAA7A92FD}\Group Policy\GPE.INI" bkp:Location="DomainSysvol\GPO\Group Policy\GPE.INI"/><FSObjectDir bkp:Path="%GPO_MACH_FSPATH%\microsoft" bkp:SourceExpandedPath="\\FAEADG001.FAELAB.TFL.LOCAL\sysvol\FAELAB.TFL.LOCAL\Policies\{DD313C23-5F7A-4A11-B7DA-C7CCAA7A92FD}\Machine\microsoft" bkp:Location="DomainSysvol\GPO\Machine\microsoft"/><FSObjectDir bkp:Path="%GPO_MACH_FSPATH%\microsoft\windows nt" bkp:SourceExpandedPath="\\FAEADG001.FAELAB.TFL.LOCAL\sysvol\FAELAB.TFL.LOCAL\Policies\{DD313C23-5F7A-4A11-B7DA-C7CCAA7A92FD}\Machine\microsoft\windows nt" bkp:Location="DomainSysvol\GPO\Machine\microsoft\windows nt"/><FSObjectDir bkp:Path="%GPO_MACH_FSPATH%\microsoft\windows nt\Audit" bkp:SourceExpandedPath="\\FAEADG001.FAELAB.TFL.LOCAL\sysvol\FAELAB.TFL.LOCAL\Policies\{DD313C23-5F7A-4A11-B7DA-C7CCAA7A92FD}\Machine\microsoft\windows nt\Audit" bkp:Location="DomainSysvol\GPO\Machine\microsoft\windows nt\Audit"/><FSObjectFile bkp:Path="%GPO_MACH_FSPATH%\microsoft\windows nt\Audit\audit.csv" bkp:SourceExpandedPath="\\FAEADG001.FAELAB.TFL.LOCAL\sysvol\FAELAB.TFL.LOCAL\Policies\{DD313C23-5F7A-4A11-B7DA-C7CCAA7A92FD}\Machine\microsoft\windows nt\Audit\audit.csv" bkp:Location="DomainSysvol\GPO\Machine\microsoft\windows nt\Audit\audit.csv"/><FSObjectDir bkp:Path="%GPO_MACH_FSPATH%\microsoft\windows nt\SecEdit" bkp:SourceExpandedPath="\\FAEADG001.FAELAB.TFL.LOCAL\sysvol\FAELAB.TFL.LOCAL\Policies\{DD313C23-5F7A-4A11-B7DA-C7CCAA7A92FD}\Machine\microsoft\windows nt\SecEdit" bkp:Location="DomainSysvol\GPO\Machine\microsoft\windows nt\SecEdit"/><FSObjectDir bkp:Path="%GPO_MACH_FSPATH%\Preferences" bkp:SourceExpandedPath="\\FAEADG001.FAELAB.TFL.LOCAL\sysvol\FAELAB.TFL.LOCAL\Policies\{DD313C23-5F7A-4A11-B7DA-C7CCAA7A92FD}\Machine\Preferences" bkp:Location="DomainSysvol\GPO\Machine\Preferences"/><FSObjectDir bkp:Path="%GPO_MACH_FSPATH%\Preferences\Registry" bkp:SourceExpandedPath="\\FAEADG001.FAELAB.TFL.LOCAL\sysvol\FAELAB.TFL.LOCAL\Policies\{DD313C23-5F7A-4A11-B7DA-C7CCAA7A92FD}\Machine\Preferences\Registry" bkp:Location="DomainSysvol\GPO\Machine\Preferences\Registry"/><FSObjectFile bkp:Path="%GPO_MACH_FSPATH%\Preferences\Registry\Registry.xml" bkp:SourceExpandedPath="\\FAEADG001.FAELAB.TFL.LOCAL\sysvol\FAELAB.TFL.LOCAL\Policies\{DD313C23-5F7A-4A11-B7DA-C7CCAA7A92FD}\Machine\Preferences\Registry\Registry.xml" bkp:Location="DomainSysvol\GPO\Machine\Preferences\Registry\Registry.xml"/><FSObjectDir bkp:Path="%GPO_MACH_FSPATH%\Scripts" bkp:SourceExpandedPath="\\FAEADG001.FAELAB.TFL.LOCAL\sysvol\FAELAB.TFL.LOCAL\Policies\{DD313C23-5F7A-4A11-B7DA-C7CCAA7A92FD}\Machine\Scripts" bkp:Location="DomainSysvol\GPO\Machine\Scripts"/><FSObjectDir bkp:Path="%GPO_MACH_FSPATH%\Scripts\Shutdown" bkp:SourceExpandedPath="\\FAEADG001.FAELAB.TFL.LOCAL\sysvol\FAELAB.TFL.LOCAL\Policies\{DD313C23-5F7A-4A11-B7DA-C7CCAA7A92FD}\Machine\Scripts\Shutdown" bkp:Location="DomainSysvol\GPO\Machine\Scripts\Shutdown"/><FSObjectDir bkp:Path="%GPO_MACH_FSPATH%\Scripts\Startup" bkp:SourceExpandedPath="\\FAEADG001.FAELAB.TFL.LOCAL\sysvol\FAELAB.TFL.LOCAL\Policies\{DD313C23-5F7A-4A11-B7DA-C7CCAA7A92FD}\Machine\Scripts\Startup" bkp:Location="DomainSysvol\GPO\Machine\Scripts\Startup"/></GroupPolicyExtension></GroupPolicyObject>
</GroupPolicyBackupScheme>