<?xml version="1.0" encoding="utf-8"?>
<RegistrySettings clsid="{A3CCFC41-DFDB-43a5-8D26-0FE8B954DA51}"><Registry clsid="{9CD4B2F4-923D-47f5-A062-E897DD1DAD50}" name="AutoAdminLogon" status="AutoAdminLogon" image="5" changed="2015-06-08 10:24:11" uid="{748CEF11-C2D9-4A35-8352-E1D4D3092A5C}"><Properties action="C" displayDecimal="1" default="0" hive="HKEY_LOCAL_MACHINE" key="SOFTWARE\Microsoft\Windows NT\CurrentVersion\Winlogon" name="AutoAdminLogon" type="REG_SZ" value="0"/></Registry>
	<Registry clsid="{9CD4B2F4-923D-47f5-A062-E897DD1DAD50}" name="ScreenSaverGracePeriod" status="ScreenSaverGracePeriod" image="5" changed="2015-06-08 10:26:53" uid="{353F846C-15F3-4511-92B7-7B5F34ACB1C7}"><Properties action="C" displayDecimal="1" default="0" hive="HKEY_LOCAL_MACHINE" key="SOFTWARE\Microsoft\Windows NT\CurrentVersion\Winlogon" name="ScreenSaverGracePeriod" type="REG_SZ" value="0"/></Registry>
	<Registry clsid="{9CD4B2F4-923D-47f5-A062-E897DD1DAD50}" name="AutoReboot" status="AutoReboot" image="12" changed="2015-06-08 10:27:37" uid="{16503636-B87E-4421-BF67-DDAFB18DD37B}"><Properties action="U" displayDecimal="0" default="0" hive="HKEY_LOCAL_MACHINE" key="SYSTEM\CurrentControlSet\Control\CrashControl" name="AutoReboot" type="REG_DWORD" value="00000001"/></Registry>
	<Registry clsid="{9CD4B2F4-923D-47f5-A062-E897DD1DAD50}" name="NtfsDisable8dot3NameCreation" status="NtfsDisable8dot3NameCreation" image="12" changed="2015-06-08 10:28:35" uid="{223C286C-3B0B-4F9F-94A1-4DC1D089BBC2}"><Properties action="U" displayDecimal="1" default="0" hive="HKEY_LOCAL_MACHINE" key="SYSTEM\CurrentControlSet\Control\FileSystem" name="NtfsDisable8dot3NameCreation" type="REG_DWORD" value="00000002"/></Registry>
	<Registry clsid="{9CD4B2F4-923D-47f5-A062-E897DD1DAD50}" name="SafeDllSearchMode" status="SafeDllSearchMode" image="5" changed="2015-06-08 10:31:30" uid="{45FA187A-D66A-489A-8895-7A4094A067E1}"><Properties action="C" displayDecimal="1" default="0" hive="HKEY_LOCAL_MACHINE" key="SYSTEM\CurrentControlSet\Control\Session Manager" name="SafeDllSearchMode" type="REG_SZ" value="1"/></Registry>
	<Registry clsid="{9CD4B2F4-923D-47f5-A062-E897DD1DAD50}" name="WarningLevel" status="WarningLevel" image="5" changed="2015-06-08 10:32:46" uid="{779AF5DC-E9D8-4D43-B9D3-67CB32395CA8}"><Properties action="C" displayDecimal="1" default="0" hive="HKEY_LOCAL_MACHINE" key="SYSTEM\CurrentControlSet\services\eventlog\Security" name="WarningLevel" type="REG_SZ" value="90"/></Registry>
	<Registry clsid="{9CD4B2F4-923D-47f5-A062-E897DD1DAD50}" name="DisableIPSOurceRouting" status="DisableIPSOurceRouting" image="5" changed="2015-06-08 10:36:30" uid="{74D53A06-AC0E-4137-9D0E-394CBCB9E130}"><Properties action="C" displayDecimal="1" default="0" hive="HKEY_LOCAL_MACHINE" key="SYSTEM\CurrentControlSet\services\Tcpip\Parameters" name="DisableIPSOurceRouting" type="REG_SZ" value="2"/></Registry>
	<Registry clsid="{9CD4B2F4-923D-47f5-A062-E897DD1DAD50}" name="NoNameReleaseOnDemand" status="NoNameReleaseOnDemand" image="7" changed="2015-06-08 10:37:33" uid="{AC62B220-90D2-44BD-9D42-A122F905905D}"><Properties action="U" displayDecimal="1" default="0" hive="HKEY_LOCAL_MACHINE" key="SYSTEM\CurrentControlSet\services\NetBT\Parameters" name="NoNameReleaseOnDemand" type="REG_SZ" value="1"/></Registry>
	<Registry clsid="{9CD4B2F4-923D-47f5-A062-E897DD1DAD50}" name="DisableIPSourceRouting" status="DisableIPSourceRouting" image="5" changed="2015-06-08 10:38:53" uid="{96EAB4D5-C457-41EA-98D6-FA7C49CB9E82}"><Properties action="C" displayDecimal="1" default="0" hive="HKEY_LOCAL_MACHINE" key="SYSTEM\CurrentControlSet\services\Tcpip\Parameters" name="DisableIPSourceRouting" type="REG_SZ" value="2"/></Registry>
	<Registry clsid="{9CD4B2F4-923D-47f5-A062-E897DD1DAD50}" name="EnableICMPRedirect" status="EnableICMPRedirect" image="12" changed="2015-06-08 10:39:45" uid="{E4FE13C0-04C0-4F6A-B0B7-CB9C391F8E88}"><Properties action="U" displayDecimal="1" default="0" hive="HKEY_LOCAL_MACHINE" key="SYSTEM\CurrentControlSet\services\Tcpip\Parameters" name="EnableICMPRedirect" type="REG_DWORD" value="00000000"/></Registry>
	<Registry clsid="{9CD4B2F4-923D-47f5-A062-E897DD1DAD50}" name="KeepAliveTime" status="KeepAliveTime" image="5" changed="2015-06-08 10:41:14" uid="{62D6AB01-89CD-43DE-A505-A0A006CE76BE}"><Properties action="C" displayDecimal="0" default="0" hive="HKEY_LOCAL_MACHINE" key="SYSTEM\CurrentControlSet\services\Tcpip\Parameters" name="KeepAliveTime" type="REG_SZ" value="300000"/></Registry>
	<Registry clsid="{9CD4B2F4-923D-47f5-A062-E897DD1DAD50}" name="PerformRouterDiscovery" status="PerformRouterDiscovery" image="5" changed="2015-06-08 10:42:03" uid="{B47763A1-299F-4D70-8712-8BC25FD092C9}"><Properties action="C" displayDecimal="1" default="0" hive="HKEY_LOCAL_MACHINE" key="SYSTEM\CurrentControlSet\services\Tcpip\Parameters" name="PerformRouterDiscovery" type="REG_SZ" value="0"/></Registry>
	<Registry clsid="{9CD4B2F4-923D-47f5-A062-E897DD1DAD50}" name="TcpMaxDataRetransmissions" status="TcpMaxDataRetransmissions" image="5" changed="2015-06-08 10:43:22" uid="{AAB927CA-516F-49E2-B008-4C1E0166A7DC}"><Properties action="C" displayDecimal="1" default="0" hive="HKEY_LOCAL_MACHINE" key="SYSTEM\CurrentControlSet\services\Tcpip\Parameters" name="TcpMaxDataRetransmissions" type="REG_SZ" value="3"/></Registry>
	<Registry clsid="{9CD4B2F4-923D-47f5-A062-E897DD1DAD50}" name="DisableIPSourceRouting" status="DisableIPSourceRouting" image="5" changed="2015-06-08 10:44:30" uid="{0AE5B3F6-3E7D-44B6-9355-E3834F9E3F5A}"><Properties action="C" displayDecimal="1" default="0" hive="HKEY_LOCAL_MACHINE" key="SYSTEM\CurrentControlSet\services\TCPIP6\Parameters" name="DisableIPSourceRouting" type="REG_SZ" value="2"/></Registry>
	<Registry clsid="{9CD4B2F4-923D-47f5-A062-E897DD1DAD50}" name="TcpMaxDataRetransmissions" status="TcpMaxDataRetransmissions" image="5" changed="2015-06-08 10:45:15" uid="{1CDA60BB-8CCE-4A74-8013-5C93947FF206}"><Properties action="C" displayDecimal="1" default="0" hive="HKEY_LOCAL_MACHINE" key="SYSTEM\CurrentControlSet\services\TCPIP6\Parameters" name="TcpMaxDataRetransmissions" type="REG_SZ" value="3"/></Registry>
</RegistrySettings>
