<BackupInst xmlns="http://www.microsoft.com/GroupPolicy/GPOOperations/Manifest"><GPOGuid><![CDATA[{297C080D-C124-4B90-9FC2-6AA90262F9F5}]]></GPOGuid><GPODomain><![CDATA[FAELAB.TFL.LOCAL]]></GPODomain><GPODomainGuid><![CDATA[{e1976241-879f-4b94-b7ab-a4fc5ae377a2}]]></GPODomainGuid><GPODomainController><![CDATA[FAEADG001.FAELAB.TFL.LOCAL]]></GPODomainController><BackupTime><![CDATA[2015-09-28T13:31:21]]></BackupTime><ID><![CDATA[{06FBF4D4-85D6-4CC3-8BB7-F2FD218475D0}]]></ID><Comment><![CDATA[]]></Comment><GPODisplayName><![CDATA[CubicGPO_CIS_1.2_Settings]]></GPODisplayName></BackupInst>
